{"is_source_file": false, "format": "", "description": "", "external_files": [], "external_methods": [], "published": [], "classes": [], "methods": [], "calls": [], "search-terms": [], "state": 2, "file_id": 9, "knowledge_revision": 19, "git_revision": "57b2eb842719e29097598feae5fe3c2fda05e20d", "hash": "ebece526bc2eadd78ddd787a76c56607", "format-version": 4, "code-base-name": "bmi_frontend", "filename": "bmi_frontend/README.md", "revision_history": [{"19": "57b2eb842719e29097598feae5fe3c2fda05e20d"}]}