{"is_source_file": false, "format": "", "description": "", "external_files": [], "external_methods": [], "published": [], "classes": [], "methods": [], "calls": [], "search-terms": [], "state": 2, "file_id": 7, "knowledge_revision": 16, "git_revision": "57b2eb842719e29097598feae5fe3c2fda05e20d", "hash": "6c2104b8d219ed99234ae2d6329f4357", "format-version": 4, "code-base-name": "bmi_frontend", "filename": "bmi_frontend/src/index.css", "revision_history": [{"16": "57b2eb842719e29097598feae5fe3c2fda05e20d"}]}