{"is_source_file": true, "format": "JavaScript (Jest testing setup file)", "description": "Setup configuration for running DOM-related tests with Jest using jest-dom matchers. It imports custom matchers to extend Jest's assertions specifically for DOM nodes.", "external_files": ["@testing-library/jest-dom"], "external_methods": [], "published": [], "classes": [], "methods": [], "calls": ["import '@testing-library/jest-dom'"], "search-terms": ["setupTests.js", "jest-dom", "testing-library", "JavaScript testing setup", "Jest configuration"], "state": 2, "file_id": 4, "knowledge_revision": 23, "git_revision": "57b2eb842719e29097598feae5fe3c2fda05e20d", "ctags": [], "hash": "1a77571e1a8cf36018a41bcedf60db75", "format-version": 4, "code-base-name": "bmi_frontend", "filename": "bmi_frontend/src/setupTests.js", "revision_history": [{"23": "57b2eb842719e29097598feae5fe3c2fda05e20d"}]}