{"is_source_file": false, "format": "", "description": "", "external_files": [], "external_methods": [], "published": [], "classes": [], "methods": [], "calls": [], "search-terms": [], "state": 2, "file_id": 10, "knowledge_revision": 18, "git_revision": "57b2eb842719e29097598feae5fe3c2fda05e20d", "hash": "be6538e7523bc2e9da0743133d784136", "format-version": 4, "code-base-name": "bmi_frontend", "filename": "bmi_frontend/eslint.config.mjs", "revision_history": [{"18": "57b2eb842719e29097598feae5fe3c2fda05e20d"}]}