{"is_source_file": false, "format": "", "description": "", "external_files": [], "external_methods": [], "published": [], "classes": [], "methods": [], "calls": [], "search-terms": [], "state": 2, "file_id": 11, "knowledge_revision": 20, "git_revision": "57b2eb842719e29097598feae5fe3c2fda05e20d", "hash": "d9d975cebe2ec20b6c652e1e4c12ccf0", "format-version": 4, "code-base-name": "bmi_frontend", "filename": "bmi_frontend/public/manifest.json", "revision_history": [{"20": "57b2eb842719e29097598feae5fe3c2fda05e20d"}]}