{"is_source_file": false, "format": "", "description": "", "external_files": [], "external_methods": [], "published": [], "classes": [], "methods": [], "calls": [], "search-terms": ["CSS variables", "theme management", "dark theme", "light theme", "responsive design", "App.css", "CSS", "styling", "user interface", "React app styling"], "state": 2, "file_id": 5, "knowledge_revision": 14, "git_revision": "57b2eb842719e29097598feae5fe3c2fda05e20d", "hash": "22f9e17cc1848b56dbb244518ac2707e", "format-version": 4, "code-base-name": "bmi_frontend", "filename": "bmi_frontend/src/App.css", "revision_history": [{"14": "57b2eb842719e29097598feae5fe3c2fda05e20d"}]}