{"is_source_file": true, "format": "JavaScript (React JSX)", "description": "This file serves as the main entry point for a React application, responsible for rendering the root component into the DOM.", "external_files": ["react", "react-dom/client", "./index.css", "./App"], "external_methods": ["ReactDOM.createRoot", "root.render"], "published": [], "classes": [], "methods": [{"name": "ReactDOM.createRoot", "description": "Creates a React root for rendering a React component tree."}, {"name": "root.render", "description": "Renders a React element into the React root."}], "calls": ["ReactDOM.createRoot", "root.render"], "search-terms": ["index.js", "ReactDOM", "createRoot", "render", "React.StrictMode", "App component"], "state": 2, "file_id": 6, "knowledge_revision": 25, "git_revision": "57b2eb842719e29097598feae5fe3c2fda05e20d", "ctags": [{"_type": "tag", "name": "root", "path": "/home/kavia/workspace/code-generation/bmi-calculator-201478-201487/bmi_frontend/src/index.js", "pattern": "/^const root = ReactDOM.createRoot(document.getElementById('root'));$/", "language": "JavaScript", "kind": "constant"}], "hash": "9fc5841375336fc175b49f8767a11383", "format-version": 4, "code-base-name": "bmi_frontend", "filename": "bmi_frontend/src/index.js", "revision_history": [{"25": "57b2eb842719e29097598feae5fe3c2fda05e20d"}]}