{"is_source_file": false, "format": "", "description": "", "external_files": [], "external_methods": [], "published": [], "classes": [], "methods": [], "calls": [], "search-terms": [], "state": 2, "file_id": 12, "knowledge_revision": 21, "git_revision": "57b2eb842719e29097598feae5fe3c2fda05e20d", "hash": "d2b40d02d5f7873d8a6713bad837edd4", "format-version": 4, "code-base-name": "bmi_frontend", "filename": "bmi_frontend/public/index.html", "revision_history": [{"21": "57b2eb842719e29097598feae5fe3c2fda05e20d"}]}