{"is_source_file": true, "format": "JavaScript (React.js JSX)", "description": "A React component named App that manages theme toggling between light and dark modes, rendering a button, logo, and some informational text.", "external_files": ["./logo.svg", "./App.css"], "external_methods": ["React.useState", "React.useEffect"], "published": ["App"], "classes": [], "methods": [{"name": "App()", "description": "Main React functional component that manages theme state and renders the UI.", "scope": "", "scopeKind": ""}, {"name": "toggleTheme", "description": "Function to toggle between light and dark themes."}], "calls": ["React.useState", "React.useEffect", "document.documentElement.setAttribute", "setTheme(prevTheme => ...)", "toggleTheme()"], "search-terms": ["React component", "theme toggle", "useState", "useEffect", "App.js"], "state": 2, "file_id": 2, "knowledge_revision": 24, "git_revision": "57b2eb842719e29097598feae5fe3c2fda05e20d", "ctags": [{"_type": "tag", "name": "App", "path": "/home/kavia/workspace/code-generation/bmi-calculator-201478-201487/bmi_frontend/src/App.js", "pattern": "/^function App() {$/", "language": "JavaScript", "kind": "function", "signature": "()"}, {"_type": "tag", "name": "Switch to ${theme === 'light' ? 'dark' : 'light'} mode", "path": "/home/kavia/workspace/code-generation/bmi-calculator-201478-201487/bmi_frontend/src/App.js", "pattern": "/^          aria-label={`Switch to ${theme === 'light' ? 'dark' : 'light'} mode`}$/", "language": "JavaScript", "kind": "field", "scope": "App.aria", "scopeKind": "class"}, {"_type": "tag", "name": "toggleTheme", "path": "/home/kavia/workspace/code-generation/bmi-calculator-201478-201487/bmi_frontend/src/App.js", "pattern": "/^          onClick={toggleTheme}$/", "language": "JavaScript", "kind": "field", "scope": "App.onClick", "scopeKind": "class"}], "hash": "b55dd9e6a018e59207d8e277dffd9e11", "format-version": 4, "code-base-name": "bmi_frontend", "filename": "bmi_frontend/src/App.js", "fields": [{"name": "aria-label={`Switch to ${theme === 'light' ? 'dark' : 'light'} mode`}", "scope": "App.aria", "scopeKind": "class", "description": "unavailable"}, {"name": "onClick={toggleTheme}", "scope": "App.onClick", "scopeKind": "class", "description": "unavailable"}], "revision_history": [{"24": "57b2eb842719e29097598feae5fe3c2fda05e20d"}]}