{"is_source_file": false, "format": "", "description": "", "external_files": [], "external_methods": [], "published": [], "classes": [], "methods": [], "calls": [], "search-terms": [], "state": 2, "file_id": 8, "knowledge_revision": 10, "git_revision": "57b2eb842719e29097598feae5fe3c2fda05e20d", "hash": "d001d53c059625c4bcf75bf5a7f3fcf0", "format-version": 4, "code-base-name": "bmi_frontend", "filename": "bmi_frontend/package.json", "revision_history": [{"10": "57b2eb842719e29097598feae5fe3c2fda05e20d"}]}